Geo Code,Category,Sub Category,Characteristic_level_1,Characteristic_level_2,Characteristic_level_3,Characteristic_level_4,Characteristic_level_5,Count
Canada,Total population 15 years and over by legal marital status - 100% Data,,,,,,,24281555
Canada,Total population 15 years and over by legal marital status - 100% Data,Never legally married (single),,,,,,8139330
Canada,Total population 15 years and over by legal marital status - 100% Data,Legally married (and not separated),,,,,,12011680
Canada,Total population 15 years and over by legal marital status - 100% Data,"Separated, but still legally married",,,,,,733870
Canada,Total population 15 years and over by legal marital status - 100% Data,Divorced,,,,,,1854770
Canada,Total population 15 years and over by legal marital status - 100% Data,Widowed,,,,,,1541915
Canada,Total population 15 years and over by common-law status - 100% Data,,,,,,,24281560
Canada,Total population 15 years and over by common-law status - 100% Data,Not in a common-law relationship,,,,,,21996730
Canada,Total population 15 years and over by common-law status - 100% Data,In a common-law relationship,,,,,,2284830
Ontario,Total population 15 years and over by legal marital status - 100% Data,,,,,,,9177320
Ontario,Total population 15 years and over by legal marital status - 100% Data,Never legally married (single),,,,,,2793080
Ontario,Total population 15 years and over by legal marital status - 100% Data,Legally married (and not separated),,,,,,4897115
Ontario,Total population 15 years and over by legal marital status - 100% Data,"Separated, but still legally married",,,,,,311385
Ontario,Total population 15 years and over by legal marital status - 100% Data,Divorced,,,,,,597600
Ontario,Total population 15 years and over by legal marital status - 100% Data,Widowed,,,,,,578150
Ontario,Total population 15 years and over by common-law status - 100% Data,,,,,,,9177315
Ontario,Total population 15 years and over by common-law status - 100% Data,Not in a common-law relationship,,,,,,8592810
Ontario,Total population 15 years and over by common-law status - 100% Data,In a common-law relationship,,,,,,584505
M1B,Total population 15 years and over by legal marital status - 100% Data,,,,,,,47525
M1B,Total population 15 years and over by legal marital status - 100% Data,Never legally married (single),,,,,,16715
M1B,Total population 15 years and over by legal marital status - 100% Data,Legally married (and not separated),,,,,,24810
M1B,Total population 15 years and over by legal marital status - 100% Data,"Separated, but still legally married",,,,,,1670
M1B,Total population 15 years and over by legal marital status - 100% Data,Divorced,,,,,,2395
M1B,Total population 15 years and over by legal marital status - 100% Data,Widowed,,,,,,1935
M1B,Total population 15 years and over by common-law status - 100% Data,,,,,,,47520
M1B,Total population 15 years and over by common-law status - 100% Data,Not in a common-law relationship,,,,,,45950
M1B,Total population 15 years and over by common-law status - 100% Data,In a common-law relationship,,,,,,1575
M1C,Total population 15 years and over by legal marital status - 100% Data,,,,,,,28270
M1C,Total population 15 years and over by legal marital status - 100% Data,Never legally married (single),,,,,,8820
M1C,Total population 15 years and over by legal marital status - 100% Data,Legally married (and not separated),,,,,,16355
M1C,Total population 15 years and over by legal marital status - 100% Data,"Separated, but still legally married",,,,,,635
M1C,Total population 15 years and over by legal marital status - 100% Data,Divorced,,,,,,1185
M1C,Total population 15 years and over by legal marital status - 100% Data,Widowed,,,,,,1275
M1C,Total population 15 years and over by common-law status - 100% Data,,,,,,,28270
M1C,Total population 15 years and over by common-law status - 100% Data,Not in a common-law relationship,,,,,,27270
M1C,Total population 15 years and over by common-law status - 100% Data,In a common-law relationship,,,,,,1000
M1G,Total population 15 years and over by legal marital status - 100% Data,,,,,,,23580
M1G,Total population 15 years and over by legal marital status - 100% Data,Never legally married (single),,,,,,7080
M1G,Total population 15 years and over by legal marital status - 100% Data,Legally married (and not separated),,,,,,12670
M1G,Total population 15 years and over by legal marital status - 100% Data,"Separated, but still legally married",,,,,,870
M1G,Total population 15 years and over by legal marital status - 100% Data,Divorced,,,,,,1375
M1G,Total population 15 years and over by legal marital status - 100% Data,Widowed,,,,,,1585
M1G,Total population 15 years and over by common-law status - 100% Data,,,,,,,23580
M1G,Total population 15 years and over by common-law status - 100% Data,Not in a common-law relationship,,,,,,22690
M1G,Total population 15 years and over by common-law status - 100% Data,In a common-law relationship,,,,,,890
M1H,Total population 15 years and over by legal marital status - 100% Data,,,,,,,17140
M1H,Total population 15 years and over by legal marital status - 100% Data,Never legally married (single),,,,,,5130
M1H,Total population 15 years and over by legal marital status - 100% Data,Legally married (and not separated),,,,,,9425
M1H,Total population 15 years and over by legal marital status - 100% Data,"Separated, but still legally married",,,,,,565
M1H,Total population 15 years and over by legal marital status - 100% Data,Divorced,,,,,,980
M1H,Total population 15 years and over by legal marital status - 100% Data,Widowed,,,,,,1045
M1H,Total population 15 years and over by common-law status - 100% Data,,,,,,,17140
M1H,Total population 15 years and over by common-law status - 100% Data,Not in a common-law relationship,,,,,,16535
M1H,Total population 15 years and over by common-law status - 100% Data,In a common-law relationship,,,,,,605
M1J,Total population 15 years and over by legal marital status - 100% Data,,,,,,,28205
M1J,Total population 15 years and over by legal marital status - 100% Data,Never legally married (single),,,,,,9380
M1J,Total population 15 years and over by legal marital status - 100% Data,Legally married (and not separated),,,,,,14270
M1J,Total population 15 years and over by legal marital status - 100% Data,"Separated, but still legally married",,,,,,1215
M1J,Total population 15 years and over by legal marital status - 100% Data,Divorced,,,,,,1765
M1J,Total population 15 years and over by legal marital status - 100% Data,Widowed,,,,,,1575
M1J,Total population 15 years and over by common-law status - 100% Data,,,,,,,28205
M1J,Total population 15 years and over by common-law status - 100% Data,Not in a common-law relationship,,,,,,26880
M1J,Total population 15 years and over by common-law status - 100% Data,In a common-law relationship,,,,,,1320
M1K,Total population 15 years and over by legal marital status - 100% Data,,,,,,,39055
M1K,Total population 15 years and over by legal marital status - 100% Data,Never legally married (single),,,,,,12870
M1K,Total population 15 years and over by legal marital status - 100% Data,Legally married (and not separated),,,,,,19500
M1K,Total population 15 years and over by legal marital status - 100% Data,"Separated, but still legally married",,,,,,1535
M1K,Total population 15 years and over by legal marital status - 100% Data,Divorced,,,,,,2760
M1K,Total population 15 years and over by legal marital status - 100% Data,Widowed,,,,,,2395
M1K,Total population 15 years and over by common-law status - 100% Data,,,,,,,39055
M1K,Total population 15 years and over by common-law status - 100% Data,Not in a common-law relationship,,,,,,37040
M1K,Total population 15 years and over by common-law status - 100% Data,In a common-law relationship,,,,,,2015
M1L,Total population 15 years and over by legal marital status - 100% Data,,,,,,,22370
M1L,Total population 15 years and over by legal marital status - 100% Data,Never legally married (single),,,,,,7475
M1L,Total population 15 years and over by legal marital status - 100% Data,Legally married (and not separated),,,,,,10990
M1L,Total population 15 years and over by legal marital status - 100% Data,"Separated, but still legally married",,,,,,890
M1L,Total population 15 years and over by legal marital status - 100% Data,Divorced,,,,,,1545
M1L,Total population 15 years and over by legal marital status - 100% Data,Widowed,,,,,,1465
M1L,Total population 15 years and over by common-law status - 100% Data,,,,,,,22365
M1L,Total population 15 years and over by common-law status - 100% Data,Not in a common-law relationship,,,,,,21185
M1L,Total population 15 years and over by common-law status - 100% Data,In a common-law relationship,,,,,,1185
M1M,Total population 15 years and over by legal marital status - 100% Data,,,,,,,17775
M1M,Total population 15 years and over by legal marital status - 100% Data,Never legally married (single),,,,,,5375
M1M,Total population 15 years and over by legal marital status - 100% Data,Legally married (and not separated),,,,,,8940
M1M,Total population 15 years and over by legal marital status - 100% Data,"Separated, but still legally married",,,,,,705
M1M,Total population 15 years and over by legal marital status - 100% Data,Divorced,,,,,,1365
M1M,Total population 15 years and over by legal marital status - 100% Data,Widowed,,,,,,1390
M1M,Total population 15 years and over by common-law status - 100% Data,,,,,,,17775
M1M,Total population 15 years and over by common-law status - 100% Data,Not in a common-law relationship,,,,,,16730
M1M,Total population 15 years and over by common-law status - 100% Data,In a common-law relationship,,,,,,1045
M1N,Total population 15 years and over by legal marital status - 100% Data,,,,,,,18850
M1N,Total population 15 years and over by legal marital status - 100% Data,Never legally married (single),,,,,,6230
M1N,Total population 15 years and over by legal marital status - 100% Data,Legally married (and not separated),,,,,,8530
M1N,Total population 15 years and over by legal marital status - 100% Data,"Separated, but still legally married",,,,,,820
M1N,Total population 15 years and over by legal marital status - 100% Data,Divorced,,,,,,1755
M1N,Total population 15 years and over by legal marital status - 100% Data,Widowed,,,,,,1520
M1N,Total population 15 years and over by common-law status - 100% Data,,,,,,,18845
M1N,Total population 15 years and over by common-law status - 100% Data,Not in a common-law relationship,,,,,,17255
M1N,Total population 15 years and over by common-law status - 100% Data,In a common-law relationship,,,,,,1595
M1P,Total population 15 years and over by legal marital status - 100% Data,,,,,,,29200
M1P,Total population 15 years and over by legal marital status - 100% Data,Never legally married (single),,,,,,8570
M1P,Total population 15 years and over by legal marital status - 100% Data,Legally married (and not separated),,,,,,15715
M1P,Total population 15 years and over by legal marital status - 100% Data,"Separated, but still legally married",,,,,,1015
M1P,Total population 15 years and over by legal marital status - 100% Data,Divorced,,,,,,1660
M1P,Total population 15 years and over by legal marital status - 100% Data,Widowed,,,,,,2245
M1P,Total population 15 years and over by common-law status - 100% Data,,,,,,,29200
M1P,Total population 15 years and over by common-law status - 100% Data,Not in a common-law relationship,,,,,,28125
M1P,Total population 15 years and over by common-law status - 100% Data,In a common-law relationship,,,,,,1075
M1R,Total population 15 years and over by legal marital status - 100% Data,,,,,,,23915
M1R,Total population 15 years and over by legal marital status - 100% Data,Never legally married (single),,,,,,7415
M1R,Total population 15 years and over by legal marital status - 100% Data,Legally married (and not separated),,,,,,12285
M1R,Total population 15 years and over by legal marital status - 100% Data,"Separated, but still legally married",,,,,,810
M1R,Total population 15 years and over by legal marital status - 100% Data,Divorced,,,,,,1495
M1R,Total population 15 years and over by legal marital status - 100% Data,Widowed,,,,,,1915
M1R,Total population 15 years and over by common-law status - 100% Data,,,,,,,23915
M1R,Total population 15 years and over by common-law status - 100% Data,Not in a common-law relationship,,,,,,22775
M1R,Total population 15 years and over by common-law status - 100% Data,In a common-law relationship,,,,,,1140
M1S,Total population 15 years and over by legal marital status - 100% Data,,,,,,,28705
M1S,Total population 15 years and over by legal marital status - 100% Data,Never legally married (single),,,,,,9000
M1S,Total population 15 years and over by legal marital status - 100% Data,Legally married (and not separated),,,,,,16385
M1S,Total population 15 years and over by legal marital status - 100% Data,"Separated, but still legally married",,,,,,625
M1S,Total population 15 years and over by legal marital status - 100% Data,Divorced,,,,,,1160
M1S,Total population 15 years and over by legal marital status - 100% Data,Widowed,,,,,,1535
M1S,Total population 15 years and over by common-law status - 100% Data,,,,,,,28705
M1S,Total population 15 years and over by common-law status - 100% Data,Not in a common-law relationship,,,,,,28175
M1S,Total population 15 years and over by common-law status - 100% Data,In a common-law relationship,,,,,,535
M1T,Total population 15 years and over by legal marital status - 100% Data,,,,,,,27810
M1T,Total population 15 years and over by legal marital status - 100% Data,Never legally married (single),,,,,,8505
M1T,Total population 15 years and over by legal marital status - 100% Data,Legally married (and not separated),,,,,,14510
M1T,Total population 15 years and over by legal marital status - 100% Data,"Separated, but still legally married",,,,,,825
M1T,Total population 15 years and over by legal marital status - 100% Data,Divorced,,,,,,1625
M1T,Total population 15 years and over by legal marital status - 100% Data,Widowed,,,,,,2345
M1T,Total population 15 years and over by common-law status - 100% Data,,,,,,,27810
M1T,Total population 15 years and over by common-law status - 100% Data,Not in a common-law relationship,,,,,,27050
M1T,Total population 15 years and over by common-law status - 100% Data,In a common-law relationship,,,,,,755
M1V,Total population 15 years and over by legal marital status - 100% Data,,,,,,,45875
M1V,Total population 15 years and over by legal marital status - 100% Data,Never legally married (single),,,,,,14620
M1V,Total population 15 years and over by legal marital status - 100% Data,Legally married (and not separated),,,,,,26600
M1V,Total population 15 years and over by legal marital status - 100% Data,"Separated, but still legally married",,,,,,860
M1V,Total population 15 years and over by legal marital status - 100% Data,Divorced,,,,,,1565
M1V,Total population 15 years and over by legal marital status - 100% Data,Widowed,,,,,,2225
M1V,Total population 15 years and over by common-law status - 100% Data,,,,,,,45880
M1V,Total population 15 years and over by common-law status - 100% Data,Not in a common-law relationship,,,,,,45200
M1V,Total population 15 years and over by common-law status - 100% Data,In a common-law relationship,,,,,,675
M1W,Total population 15 years and over by legal marital status - 100% Data,,,,,,,42045
M1W,Total population 15 years and over by legal marital status - 100% Data,Never legally married (single),,,,,,13315
M1W,Total population 15 years and over by legal marital status - 100% Data,Legally married (and not separated),,,,,,23175
M1W,Total population 15 years and over by legal marital status - 100% Data,"Separated, but still legally married",,,,,,975
M1W,Total population 15 years and over by legal marital status - 100% Data,Divorced,,,,,,1795
M1W,Total population 15 years and over by legal marital status - 100% Data,Widowed,,,,,,2790
M1W,Total population 15 years and over by common-law status - 100% Data,,,,,,,42040
M1W,Total population 15 years and over by common-law status - 100% Data,Not in a common-law relationship,,,,,,41305
M1W,Total population 15 years and over by common-law status - 100% Data,In a common-law relationship,,,,,,740
M1X,Total population 15 years and over by legal marital status - 100% Data,,,,,,,1700
M1X,Total population 15 years and over by legal marital status - 100% Data,Never legally married (single),,,,,,600
M1X,Total population 15 years and over by legal marital status - 100% Data,Legally married (and not separated),,,,,,935
M1X,Total population 15 years and over by legal marital status - 100% Data,"Separated, but still legally married",,,,,,45
M1X,Total population 15 years and over by legal marital status - 100% Data,Divorced,,,,,,60
M1X,Total population 15 years and over by legal marital status - 100% Data,Widowed,,,,,,55
M1X,Total population 15 years and over by common-law status - 100% Data,,,,,,,1700
M1X,Total population 15 years and over by common-law status - 100% Data,Not in a common-law relationship,,,,,,1670
M1X,Total population 15 years and over by common-law status - 100% Data,In a common-law relationship,,,,,,30
M2H,Total population 15 years and over by legal marital status - 100% Data,,,,,,,22725
M2H,Total population 15 years and over by legal marital status - 100% Data,Never legally married (single),,,,,,7335
M2H,Total population 15 years and over by legal marital status - 100% Data,Legally married (and not separated),,,,,,12455
M2H,Total population 15 years and over by legal marital status - 100% Data,"Separated, but still legally married",,,,,,440
M2H,Total population 15 years and over by legal marital status - 100% Data,Divorced,,,,,,985
M2H,Total population 15 years and over by legal marital status - 100% Data,Widowed,,,,,,1505
M2H,Total population 15 years and over by common-law status - 100% Data,,,,,,,22725
M2H,Total population 15 years and over by common-law status - 100% Data,Not in a common-law relationship,,,,,,22315
M2H,Total population 15 years and over by common-law status - 100% Data,In a common-law relationship,,,,,,410
M2J,Total population 15 years and over by legal marital status - 100% Data,,,,,,,45765
M2J,Total population 15 years and over by legal marital status - 100% Data,Never legally married (single),,,,,,14260
M2J,Total population 15 years and over by legal marital status - 100% Data,Legally married (and not separated),,,,,,25075
M2J,Total population 15 years and over by legal marital status - 100% Data,"Separated, but still legally married",,,,,,1210
M2J,Total population 15 years and over by legal marital status - 100% Data,Divorced,,,,,,2540
M2J,Total population 15 years and over by legal marital status - 100% Data,Widowed,,,,,,2685
M2J,Total population 15 years and over by common-law status - 100% Data,,,,,,,45765
M2J,Total population 15 years and over by common-law status - 100% Data,Not in a common-law relationship,,,,,,44585
M2J,Total population 15 years and over by common-law status - 100% Data,In a common-law relationship,,,,,,1185
M2K,Total population 15 years and over by legal marital status - 100% Data,,,,,,,12090
M2K,Total population 15 years and over by legal marital status - 100% Data,Never legally married (single),,,,,,3510
M2K,Total population 15 years and over by legal marital status - 100% Data,Legally married (and not separated),,,,,,6680
M2K,Total population 15 years and over by legal marital status - 100% Data,"Separated, but still legally married",,,,,,290
M2K,Total population 15 years and over by legal marital status - 100% Data,Divorced,,,,,,615
M2K,Total population 15 years and over by legal marital status - 100% Data,Widowed,,,,,,990
M2K,Total population 15 years and over by common-law status - 100% Data,,,,,,,12090
M2K,Total population 15 years and over by common-law status - 100% Data,Not in a common-law relationship,,,,,,11740
M2K,Total population 15 years and over by common-law status - 100% Data,In a common-law relationship,,,,,,350
M2L,Total population 15 years and over by legal marital status - 100% Data,,,,,,,10220
M2L,Total population 15 years and over by legal marital status - 100% Data,Never legally married (single),,,,,,3245
M2L,Total population 15 years and over by legal marital status - 100% Data,Legally married (and not separated),,,,,,5785
M2L,Total population 15 years and over by legal marital status - 100% Data,"Separated, but still legally married",,,,,,235
M2L,Total population 15 years and over by legal marital status - 100% Data,Divorced,,,,,,465
M2L,Total population 15 years and over by legal marital status - 100% Data,Widowed,,,,,,485
M2L,Total population 15 years and over by common-law status - 100% Data,,,,,,,10225
M2L,Total population 15 years and over by common-law status - 100% Data,Not in a common-law relationship,,,,,,9980
M2L,Total population 15 years and over by common-law status - 100% Data,In a common-law relationship,,,,,,240
M2M,Total population 15 years and over by legal marital status - 100% Data,,,,,,,26205
M2M,Total population 15 years and over by legal marital status - 100% Data,Never legally married (single),,,,,,8680
M2M,Total population 15 years and over by legal marital status - 100% Data,Legally married (and not separated),,,,,,13730
M2M,Total population 15 years and over by legal marital status - 100% Data,"Separated, but still legally married",,,,,,605
M2M,Total population 15 years and over by legal marital status - 100% Data,Divorced,,,,,,1290
M2M,Total population 15 years and over by legal marital status - 100% Data,Widowed,,,,,,1895
M2M,Total population 15 years and over by common-law status - 100% Data,,,,,,,26200
M2M,Total population 15 years and over by common-law status - 100% Data,Not in a common-law relationship,,,,,,25430
M2M,Total population 15 years and over by common-law status - 100% Data,In a common-law relationship,,,,,,770
M2N,Total population 15 years and over by legal marital status - 100% Data,,,,,,,36980
M2N,Total population 15 years and over by legal marital status - 100% Data,Never legally married (single),,,,,,12980
M2N,Total population 15 years and over by legal marital status - 100% Data,Legally married (and not separated),,,,,,18560
M2N,Total population 15 years and over by legal marital status - 100% Data,"Separated, but still legally married",,,,,,905
M2N,Total population 15 years and over by legal marital status - 100% Data,Divorced,,,,,,2040
M2N,Total population 15 years and over by legal marital status - 100% Data,Widowed,,,,,,2500
M2N,Total population 15 years and over by common-law status - 100% Data,,,,,,,36980
M2N,Total population 15 years and over by common-law status - 100% Data,Not in a common-law relationship,,,,,,35475
M2N,Total population 15 years and over by common-law status - 100% Data,In a common-law relationship,,,,,,1505
M2P,Total population 15 years and over by legal marital status - 100% Data,,,,,,,5560
M2P,Total population 15 years and over by legal marital status - 100% Data,Never legally married (single),,,,,,1695
M2P,Total population 15 years and over by legal marital status - 100% Data,Legally married (and not separated),,,,,,3160
M2P,Total population 15 years and over by legal marital status - 100% Data,"Separated, but still legally married",,,,,,115
M2P,Total population 15 years and over by legal marital status - 100% Data,Divorced,,,,,,305
M2P,Total population 15 years and over by legal marital status - 100% Data,Widowed,,,,,,285
M2P,Total population 15 years and over by common-law status - 100% Data,,,,,,,5565
M2P,Total population 15 years and over by common-law status - 100% Data,Not in a common-law relationship,,,,,,5355
M2P,Total population 15 years and over by common-law status - 100% Data,In a common-law relationship,,,,,,215
M2R,Total population 15 years and over by legal marital status - 100% Data,,,,,,,32165
M2R,Total population 15 years and over by legal marital status - 100% Data,Never legally married (single),,,,,,8685
M2R,Total population 15 years and over by legal marital status - 100% Data,Legally married (and not separated),,,,,,17595
M2R,Total population 15 years and over by legal marital status - 100% Data,"Separated, but still legally married",,,,,,910
M2R,Total population 15 years and over by legal marital status - 100% Data,Divorced,,,,,,2045
M2R,Total population 15 years and over by legal marital status - 100% Data,Widowed,,,,,,2925
M2R,Total population 15 years and over by common-law status - 100% Data,,,,,,,32160
M2R,Total population 15 years and over by common-law status - 100% Data,Not in a common-law relationship,,,,,,31310
M2R,Total population 15 years and over by common-law status - 100% Data,In a common-law relationship,,,,,,850
M3A,Total population 15 years and over by legal marital status - 100% Data,,,,,,,28795
M3A,Total population 15 years and over by legal marital status - 100% Data,Never legally married (single),,,,,,9300
M3A,Total population 15 years and over by legal marital status - 100% Data,Legally married (and not separated),,,,,,14960
M3A,Total population 15 years and over by legal marital status - 100% Data,"Separated, but still legally married",,,,,,995
M3A,Total population 15 years and over by legal marital status - 100% Data,Divorced,,,,,,1955
M3A,Total population 15 years and over by legal marital status - 100% Data,Widowed,,,,,,1590
M3A,Total population 15 years and over by common-law status - 100% Data,,,,,,,28795
M3A,Total population 15 years and over by common-law status - 100% Data,Not in a common-law relationship,,,,,,27495
M3A,Total population 15 years and over by common-law status - 100% Data,In a common-law relationship,,,,,,1305
M3B,Total population 15 years and over by legal marital status - 100% Data,,,,,,,10675
M3B,Total population 15 years and over by legal marital status - 100% Data,Never legally married (single),,,,,,2810
M3B,Total population 15 years and over by legal marital status - 100% Data,Legally married (and not separated),,,,,,6365
M3B,Total population 15 years and over by legal marital status - 100% Data,"Separated, but still legally married",,,,,,195
M3B,Total population 15 years and over by legal marital status - 100% Data,Divorced,,,,,,515
M3B,Total population 15 years and over by legal marital status - 100% Data,Widowed,,,,,,790
M3B,Total population 15 years and over by common-law status - 100% Data,,,,,,,10675
M3B,Total population 15 years and over by common-law status - 100% Data,Not in a common-law relationship,,,,,,10415
M3B,Total population 15 years and over by common-law status - 100% Data,In a common-law relationship,,,,,,260
M3C,Total population 15 years and over by legal marital status - 100% Data,,,,,,,28960
M3C,Total population 15 years and over by legal marital status - 100% Data,Never legally married (single),,,,,,9080
M3C,Total population 15 years and over by legal marital status - 100% Data,Legally married (and not separated),,,,,,14475
M3C,Total population 15 years and over by legal marital status - 100% Data,"Separated, but still legally married",,,,,,1050
M3C,Total population 15 years and over by legal marital status - 100% Data,Divorced,,,,,,1995
M3C,Total population 15 years and over by legal marital status - 100% Data,Widowed,,,,,,2355
M3C,Total population 15 years and over by common-law status - 100% Data,,,,,,,28960
M3C,Total population 15 years and over by common-law status - 100% Data,Not in a common-law relationship,,,,,,27795
M3C,Total population 15 years and over by common-law status - 100% Data,In a common-law relationship,,,,,,1165
M3H,Total population 15 years and over by legal marital status - 100% Data,,,,,,,25560
M3H,Total population 15 years and over by legal marital status - 100% Data,Never legally married (single),,,,,,7380
M3H,Total population 15 years and over by legal marital status - 100% Data,Legally married (and not separated),,,,,,13730
M3H,Total population 15 years and over by legal marital status - 100% Data,"Separated, but still legally married",,,,,,760
M3H,Total population 15 years and over by legal marital status - 100% Data,Divorced,,,,,,1435
M3H,Total population 15 years and over by legal marital status - 100% Data,Widowed,,,,,,2255
M3H,Total population 15 years and over by common-law status - 100% Data,,,,,,,25565
M3H,Total population 15 years and over by common-law status - 100% Data,Not in a common-law relationship,,,,,,24640
M3H,Total population 15 years and over by common-law status - 100% Data,In a common-law relationship,,,,,,920
M3J,Total population 15 years and over by legal marital status - 100% Data,,,,,,,19775
M3J,Total population 15 years and over by legal marital status - 100% Data,Never legally married (single),,,,,,6985
M3J,Total population 15 years and over by legal marital status - 100% Data,Legally married (and not separated),,,,,,9935
M3J,Total population 15 years and over by legal marital status - 100% Data,"Separated, but still legally married",,,,,,705
M3J,Total population 15 years and over by legal marital status - 100% Data,Divorced,,,,,,1005
M3J,Total population 15 years and over by legal marital status - 100% Data,Widowed,,,,,,1150
M3J,Total population 15 years and over by common-law status - 100% Data,,,,,,,19775
M3J,Total population 15 years and over by common-law status - 100% Data,Not in a common-law relationship,,,,,,19025
M3J,Total population 15 years and over by common-law status - 100% Data,In a common-law relationship,,,,,,750
M3K,Total population 15 years and over by legal marital status - 100% Data,,,,,,,5160
M3K,Total population 15 years and over by legal marital status - 100% Data,Never legally married (single),,,,,,1640
M3K,Total population 15 years and over by legal marital status - 100% Data,Legally married (and not separated),,,,,,2705
M3K,Total population 15 years and over by legal marital status - 100% Data,"Separated, but still legally married",,,,,,180
M3K,Total population 15 years and over by legal marital status - 100% Data,Divorced,,,,,,280
M3K,Total population 15 years and over by legal marital status - 100% Data,Widowed,,,,,,355
M3K,Total population 15 years and over by common-law status - 100% Data,,,,,,,5160
M3K,Total population 15 years and over by common-law status - 100% Data,Not in a common-law relationship,,,,,,4925
M3K,Total population 15 years and over by common-law status - 100% Data,In a common-law relationship,,,,,,235
M3L,Total population 15 years and over by legal marital status - 100% Data,,,,,,,14135
M3L,Total population 15 years and over by legal marital status - 100% Data,Never legally married (single),,,,,,4820
M3L,Total population 15 years and over by legal marital status - 100% Data,Legally married (and not separated),,,,,,7035
M3L,Total population 15 years and over by legal marital status - 100% Data,"Separated, but still legally married",,,,,,600
M3L,Total population 15 years and over by legal marital status - 100% Data,Divorced,,,,,,795
M3L,Total population 15 years and over by legal marital status - 100% Data,Widowed,,,,,,880
M3L,Total population 15 years and over by common-law status - 100% Data,,,,,,,14135
M3L,Total population 15 years and over by common-law status - 100% Data,Not in a common-law relationship,,,,,,13660
M3L,Total population 15 years and over by common-law status - 100% Data,In a common-law relationship,,,,,,470
M3M,Total population 15 years and over by legal marital status - 100% Data,,,,,,,19315
M3M,Total population 15 years and over by legal marital status - 100% Data,Never legally married (single),,,,,,6195
M3M,Total population 15 years and over by legal marital status - 100% Data,Legally married (and not separated),,,,,,10065
M3M,Total population 15 years and over by legal marital status - 100% Data,"Separated, but still legally married",,,,,,820
M3M,Total population 15 years and over by legal marital status - 100% Data,Divorced,,,,,,1160
M3M,Total population 15 years and over by legal marital status - 100% Data,Widowed,,,,,,1075
M3M,Total population 15 years and over by common-law status - 100% Data,,,,,,,19315
M3M,Total population 15 years and over by common-law status - 100% Data,Not in a common-law relationship,,,,,,18445
M3M,Total population 15 years and over by common-law status - 100% Data,In a common-law relationship,,,,,,870
M3N,Total population 15 years and over by legal marital status - 100% Data,,,,,,,34430
M3N,Total population 15 years and over by legal marital status - 100% Data,Never legally married (single),,,,,,12615
M3N,Total population 15 years and over by legal marital status - 100% Data,Legally married (and not separated),,,,,,16035
M3N,Total population 15 years and over by legal marital status - 100% Data,"Separated, but still legally married",,,,,,1800
M3N,Total population 15 years and over by legal marital status - 100% Data,Divorced,,,,,,2160
M3N,Total population 15 years and over by legal marital status - 100% Data,Widowed,,,,,,1815
M3N,Total population 15 years and over by common-law status - 100% Data,,,,,,,34435
M3N,Total population 15 years and over by common-law status - 100% Data,Not in a common-law relationship,,,,,,33090
M3N,Total population 15 years and over by common-law status - 100% Data,In a common-law relationship,,,,,,1340
M4A,Total population 15 years and over by legal marital status - 100% Data,,,,,,,11340
M4A,Total population 15 years and over by legal marital status - 100% Data,Never legally married (single),,,,,,3730
M4A,Total population 15 years and over by legal marital status - 100% Data,Legally married (and not separated),,,,,,5425
M4A,Total population 15 years and over by legal marital status - 100% Data,"Separated, but still legally married",,,,,,430
M4A,Total population 15 years and over by legal marital status - 100% Data,Divorced,,,,,,820
M4A,Total population 15 years and over by legal marital status - 100% Data,Widowed,,,,,,935
M4A,Total population 15 years and over by common-law status - 100% Data,,,,,,,11340
M4A,Total population 15 years and over by common-law status - 100% Data,Not in a common-law relationship,,,,,,10750
M4A,Total population 15 years and over by common-law status - 100% Data,In a common-law relationship,,,,,,590
M4B,Total population 15 years and over by legal marital status - 100% Data,,,,,,,15390
M4B,Total population 15 years and over by legal marital status - 100% Data,Never legally married (single),,,,,,5155
M4B,Total population 15 years and over by legal marital status - 100% Data,Legally married (and not separated),,,,,,7350
M4B,Total population 15 years and over by legal marital status - 100% Data,"Separated, but still legally married",,,,,,565
M4B,Total population 15 years and over by legal marital status - 100% Data,Divorced,,,,,,1175
M4B,Total population 15 years and over by legal marital status - 100% Data,Widowed,,,,,,1140
M4B,Total population 15 years and over by common-law status - 100% Data,,,,,,,15390
M4B,Total population 15 years and over by common-law status - 100% Data,Not in a common-law relationship,,,,,,14365
M4B,Total population 15 years and over by common-law status - 100% Data,In a common-law relationship,,,,,,1025
M4C,Total population 15 years and over by legal marital status - 100% Data,,,,,,,40195
M4C,Total population 15 years and over by legal marital status - 100% Data,Never legally married (single),,,,,,14750
M4C,Total population 15 years and over by legal marital status - 100% Data,Legally married (and not separated),,,,,,18150
M4C,Total population 15 years and over by legal marital status - 100% Data,"Separated, but still legally married",,,,,,1515
M4C,Total population 15 years and over by legal marital status - 100% Data,Divorced,,,,,,3225
M4C,Total population 15 years and over by legal marital status - 100% Data,Widowed,,,,,,2560
M4C,Total population 15 years and over by common-law status - 100% Data,,,,,,,40200
M4C,Total population 15 years and over by common-law status - 100% Data,Not in a common-law relationship,,,,,,37255
M4C,Total population 15 years and over by common-law status - 100% Data,In a common-law relationship,,,,,,2940
M4E,Total population 15 years and over by legal marital status - 100% Data,,,,,,,19760
M4E,Total population 15 years and over by legal marital status - 100% Data,Never legally married (single),,,,,,7645
M4E,Total population 15 years and over by legal marital status - 100% Data,Legally married (and not separated),,,,,,8380
M4E,Total population 15 years and over by legal marital status - 100% Data,"Separated, but still legally married",,,,,,830
M4E,Total population 15 years and over by legal marital status - 100% Data,Divorced,,,,,,1855
M4E,Total population 15 years and over by legal marital status - 100% Data,Widowed,,,,,,1050
M4E,Total population 15 years and over by common-law status - 100% Data,,,,,,,19760
M4E,Total population 15 years and over by common-law status - 100% Data,Not in a common-law relationship,,,,,,17840
M4E,Total population 15 years and over by common-law status - 100% Data,In a common-law relationship,,,,,,1920
M4G,Total population 15 years and over by legal marital status - 100% Data,,,,,,,12570
M4G,Total population 15 years and over by legal marital status - 100% Data,Never legally married (single),,,,,,3850
M4G,Total population 15 years and over by legal marital status - 100% Data,Legally married (and not separated),,,,,,6595
M4G,Total population 15 years and over by legal marital status - 100% Data,"Separated, but still legally married",,,,,,330
M4G,Total population 15 years and over by legal marital status - 100% Data,Divorced,,,,,,885
M4G,Total population 15 years and over by legal marital status - 100% Data,Widowed,,,,,,915
M4G,Total population 15 years and over by common-law status - 100% Data,,,,,,,12575
M4G,Total population 15 years and over by common-law status - 100% Data,Not in a common-law relationship,,,,,,11855
M4G,Total population 15 years and over by common-law status - 100% Data,In a common-law relationship,,,,,,720
M4H,Total population 15 years and over by legal marital status - 100% Data,,,,,,,13110
M4H,Total population 15 years and over by legal marital status - 100% Data,Never legally married (single),,,,,,4215
M4H,Total population 15 years and over by legal marital status - 100% Data,Legally married (and not separated),,,,,,6605
M4H,Total population 15 years and over by legal marital status - 100% Data,"Separated, but still legally married",,,,,,420
M4H,Total population 15 years and over by legal marital status - 100% Data,Divorced,,,,,,885
M4H,Total population 15 years and over by legal marital status - 100% Data,Widowed,,,,,,980
M4H,Total population 15 years and over by common-law status - 100% Data,,,,,,,13110
M4H,Total population 15 years and over by common-law status - 100% Data,Not in a common-law relationship,,,,,,12495
M4H,Total population 15 years and over by common-law status - 100% Data,In a common-law relationship,,,,,,615
M4J,Total population 15 years and over by legal marital status - 100% Data,,,,,,,30450
M4J,Total population 15 years and over by legal marital status - 100% Data,Never legally married (single),,,,,,11495
M4J,Total population 15 years and over by legal marital status - 100% Data,Legally married (and not separated),,,,,,13690
M4J,Total population 15 years and over by legal marital status - 100% Data,"Separated, but still legally married",,,,,,1045
M4J,Total population 15 years and over by legal marital status - 100% Data,Divorced,,,,,,2245
M4J,Total population 15 years and over by legal marital status - 100% Data,Widowed,,,,,,1975
M4J,Total population 15 years and over by common-law status - 100% Data,,,,,,,30450
M4J,Total population 15 years and over by common-law status - 100% Data,Not in a common-law relationship,,,,,,27920
M4J,Total population 15 years and over by common-law status - 100% Data,In a common-law relationship,,,,,,2530
M4K,Total population 15 years and over by legal marital status - 100% Data,,,,,,,28145
M4K,Total population 15 years and over by legal marital status - 100% Data,Never legally married (single),,,,,,11855
M4K,Total population 15 years and over by legal marital status - 100% Data,Legally married (and not separated),,,,,,11460
M4K,Total population 15 years and over by legal marital status - 100% Data,"Separated, but still legally married",,,,,,990
M4K,Total population 15 years and over by legal marital status - 100% Data,Divorced,,,,,,2250
M4K,Total population 15 years and over by legal marital status - 100% Data,Widowed,,,,,,1590
M4K,Total population 15 years and over by common-law status - 100% Data,,,,,,,28145
M4K,Total population 15 years and over by common-law status - 100% Data,Not in a common-law relationship,,,,,,25420
M4K,Total population 15 years and over by common-law status - 100% Data,In a common-law relationship,,,,,,2725
M4L,Total population 15 years and over by legal marital status - 100% Data,,,,,,,26625
M4L,Total population 15 years and over by legal marital status - 100% Data,Never legally married (single),,,,,,11110
M4L,Total population 15 years and over by legal marital status - 100% Data,Legally married (and not separated),,,,,,10670
M4L,Total population 15 years and over by legal marital status - 100% Data,"Separated, but still legally married",,,,,,1070
M4L,Total population 15 years and over by legal marital status - 100% Data,Divorced,,,,,,2430
M4L,Total population 15 years and over by legal marital status - 100% Data,Widowed,,,,,,1340
M4L,Total population 15 years and over by common-law status - 100% Data,,,,,,,26620
M4L,Total population 15 years and over by common-law status - 100% Data,Not in a common-law relationship,,,,,,23930
M4L,Total population 15 years and over by common-law status - 100% Data,In a common-law relationship,,,,,,2690
M4M,Total population 15 years and over by legal marital status - 100% Data,,,,,,,19770
M4M,Total population 15 years and over by legal marital status - 100% Data,Never legally married (single),,,,,,8765
M4M,Total population 15 years and over by legal marital status - 100% Data,Legally married (and not separated),,,,,,7515
M4M,Total population 15 years and over by legal marital status - 100% Data,"Separated, but still legally married",,,,,,755
M4M,Total population 15 years and over by legal marital status - 100% Data,Divorced,,,,,,1510
M4M,Total population 15 years and over by legal marital status - 100% Data,Widowed,,,,,,1220
M4M,Total population 15 years and over by common-law status - 100% Data,,,,,,,19770
M4M,Total population 15 years and over by common-law status - 100% Data,Not in a common-law relationship,,,,,,17825
M4M,Total population 15 years and over by common-law status - 100% Data,In a common-law relationship,,,,,,1945
M4N,Total population 15 years and over by legal marital status - 100% Data,,,,,,,12730
M4N,Total population 15 years and over by legal marital status - 100% Data,Never legally married (single),,,,,,3980
M4N,Total population 15 years and over by legal marital status - 100% Data,Legally married (and not separated),,,,,,6745
M4N,Total population 15 years and over by legal marital status - 100% Data,"Separated, but still legally married",,,,,,265
M4N,Total population 15 years and over by legal marital status - 100% Data,Divorced,,,,,,750
M4N,Total population 15 years and over by legal marital status - 100% Data,Widowed,,,,,,995
M4N,Total population 15 years and over by common-law status - 100% Data,,,,,,,12730
M4N,Total population 15 years and over by common-law status - 100% Data,Not in a common-law relationship,,,,,,12185
M4N,Total population 15 years and over by common-law status - 100% Data,In a common-law relationship,,,,,,545
M4P,Total population 15 years and over by legal marital status - 100% Data,,,,,,,14975
M4P,Total population 15 years and over by legal marital status - 100% Data,Never legally married (single),,,,,,7800
M4P,Total population 15 years and over by legal marital status - 100% Data,Legally married (and not separated),,,,,,4505
M4P,Total population 15 years and over by legal marital status - 100% Data,"Separated, but still legally married",,,,,,500
M4P,Total population 15 years and over by legal marital status - 100% Data,Divorced,,,,,,1425
M4P,Total population 15 years and over by legal marital status - 100% Data,Widowed,,,,,,745
M4P,Total population 15 years and over by common-law status - 100% Data,,,,,,,14975
M4P,Total population 15 years and over by common-law status - 100% Data,Not in a common-law relationship,,,,,,13520
M4P,Total population 15 years and over by common-law status - 100% Data,In a common-law relationship,,,,,,1455
M4R,Total population 15 years and over by legal marital status - 100% Data,,,,,,,8595
M4R,Total population 15 years and over by legal marital status - 100% Data,Never legally married (single),,,,,,3440
M4R,Total population 15 years and over by legal marital status - 100% Data,Legally married (and not separated),,,,,,3930
M4R,Total population 15 years and over by legal marital status - 100% Data,"Separated, but still legally married",,,,,,210
M4R,Total population 15 years and over by legal marital status - 100% Data,Divorced,,,,,,620
M4R,Total population 15 years and over by legal marital status - 100% Data,Widowed,,,,,,385
M4R,Total population 15 years and over by common-law status - 100% Data,,,,,,,8590
M4R,Total population 15 years and over by common-law status - 100% Data,Not in a common-law relationship,,,,,,7970
M4R,Total population 15 years and over by common-law status - 100% Data,In a common-law relationship,,,,,,625
M4S,Total population 15 years and over by legal marital status - 100% Data,,,,,,,19200
M4S,Total population 15 years and over by legal marital status - 100% Data,Never legally married (single),,,,,,8660
M4S,Total population 15 years and over by legal marital status - 100% Data,Legally married (and not separated),,,,,,7290
M4S,Total population 15 years and over by legal marital status - 100% Data,"Separated, but still legally married",,,,,,635
M4S,Total population 15 years and over by legal marital status - 100% Data,Divorced,,,,,,1720
M4S,Total population 15 years and over by legal marital status - 100% Data,Widowed,,,,,,890
M4S,Total population 15 years and over by common-law status - 100% Data,,,,,,,19200
M4S,Total population 15 years and over by common-law status - 100% Data,Not in a common-law relationship,,,,,,17415
M4S,Total population 15 years and over by common-law status - 100% Data,In a common-law relationship,,,,,,1790
M4T,Total population 15 years and over by legal marital status - 100% Data,,,,,,,8465
M4T,Total population 15 years and over by legal marital status - 100% Data,Never legally married (single),,,,,,3315
M4T,Total population 15 years and over by legal marital status - 100% Data,Legally married (and not separated),,,,,,3680
M4T,Total population 15 years and over by legal marital status - 100% Data,"Separated, but still legally married",,,,,,230
M4T,Total population 15 years and over by legal marital status - 100% Data,Divorced,,,,,,740
M4T,Total population 15 years and over by legal marital status - 100% Data,Widowed,,,,,,495
M4T,Total population 15 years and over by common-law status - 100% Data,,,,,,,8470
M4T,Total population 15 years and over by common-law status - 100% Data,Not in a common-law relationship,,,,,,7860
M4T,Total population 15 years and over by common-law status - 100% Data,In a common-law relationship,,,,,,610
M4V,Total population 15 years and over by legal marital status - 100% Data,,,,,,,14690
M4V,Total population 15 years and over by legal marital status - 100% Data,Never legally married (single),,,,,,6370
M4V,Total population 15 years and over by legal marital status - 100% Data,Legally married (and not separated),,,,,,5655
M4V,Total population 15 years and over by legal marital status - 100% Data,"Separated, but still legally married",,,,,,425
M4V,Total population 15 years and over by legal marital status - 100% Data,Divorced,,,,,,1300
M4V,Total population 15 years and over by legal marital status - 100% Data,Widowed,,,,,,940
M4V,Total population 15 years and over by common-law status - 100% Data,,,,,,,14685
M4V,Total population 15 years and over by common-law status - 100% Data,Not in a common-law relationship,,,,,,13420
M4V,Total population 15 years and over by common-law status - 100% Data,In a common-law relationship,,,,,,1270
M4W,Total population 15 years and over by legal marital status - 100% Data,,,,,,,9775
M4W,Total population 15 years and over by legal marital status - 100% Data,Never legally married (single),,,,,,3650
M4W,Total population 15 years and over by legal marital status - 100% Data,Legally married (and not separated),,,,,,4415
M4W,Total population 15 years and over by legal marital status - 100% Data,"Separated, but still legally married",,,,,,255
M4W,Total population 15 years and over by legal marital status - 100% Data,Divorced,,,,,,795
M4W,Total population 15 years and over by legal marital status - 100% Data,Widowed,,,,,,665
M4W,Total population 15 years and over by common-law status - 100% Data,,,,,,,9780
M4W,Total population 15 years and over by common-law status - 100% Data,Not in a common-law relationship,,,,,,9085
M4W,Total population 15 years and over by common-law status - 100% Data,In a common-law relationship,,,,,,690
M4X,Total population 15 years and over by legal marital status - 100% Data,,,,,,,17760
M4X,Total population 15 years and over by legal marital status - 100% Data,Never legally married (single),,,,,,8005
M4X,Total population 15 years and over by legal marital status - 100% Data,Legally married (and not separated),,,,,,6705
M4X,Total population 15 years and over by legal marital status - 100% Data,"Separated, but still legally married",,,,,,795
M4X,Total population 15 years and over by legal marital status - 100% Data,Divorced,,,,,,1285
M4X,Total population 15 years and over by legal marital status - 100% Data,Widowed,,,,,,965
M4X,Total population 15 years and over by common-law status - 100% Data,,,,,,,17760
M4X,Total population 15 years and over by common-law status - 100% Data,Not in a common-law relationship,,,,,,16505
M4X,Total population 15 years and over by common-law status - 100% Data,In a common-law relationship,,,,,,1255
M4Y,Total population 15 years and over by legal marital status - 100% Data,,,,,,,20625
M4Y,Total population 15 years and over by legal marital status - 100% Data,Never legally married (single),,,,,,13075
M4Y,Total population 15 years and over by legal marital status - 100% Data,Legally married (and not separated),,,,,,4670
M4Y,Total population 15 years and over by legal marital status - 100% Data,"Separated, but still legally married",,,,,,600
M4Y,Total population 15 years and over by legal marital status - 100% Data,Divorced,,,,,,1685
M4Y,Total population 15 years and over by legal marital status - 100% Data,Widowed,,,,,,590
M4Y,Total population 15 years and over by common-law status - 100% Data,,,,,,,20625
M4Y,Total population 15 years and over by common-law status - 100% Data,Not in a common-law relationship,,,,,,17665
M4Y,Total population 15 years and over by common-law status - 100% Data,In a common-law relationship,,,,,,2960
M5A,Total population 15 years and over by legal marital status - 100% Data,,,,,,,27250
M5A,Total population 15 years and over by legal marital status - 100% Data,Never legally married (single),,,,,,14595
M5A,Total population 15 years and over by legal marital status - 100% Data,Legally married (and not separated),,,,,,7910
M5A,Total population 15 years and over by legal marital status - 100% Data,"Separated, but still legally married",,,,,,1230
M5A,Total population 15 years and over by legal marital status - 100% Data,Divorced,,,,,,2405
M5A,Total population 15 years and over by legal marital status - 100% Data,Widowed,,,,,,1115
M5A,Total population 15 years and over by common-law status - 100% Data,,,,,,,27255
M5A,Total population 15 years and over by common-law status - 100% Data,Not in a common-law relationship,,,,,,25080
M5A,Total population 15 years and over by common-law status - 100% Data,In a common-law relationship,,,,,,2175
M5B,Total population 15 years and over by legal marital status - 100% Data,,,,,,,7630
M5B,Total population 15 years and over by legal marital status - 100% Data,Never legally married (single),,,,,,4640
M5B,Total population 15 years and over by legal marital status - 100% Data,Legally married (and not separated),,,,,,1830
M5B,Total population 15 years and over by legal marital status - 100% Data,"Separated, but still legally married",,,,,,290
M5B,Total population 15 years and over by legal marital status - 100% Data,Divorced,,,,,,620
M5B,Total population 15 years and over by legal marital status - 100% Data,Widowed,,,,,,250
M5B,Total population 15 years and over by common-law status - 100% Data,,,,,,,7630
M5B,Total population 15 years and over by common-law status - 100% Data,Not in a common-law relationship,,,,,,6700
M5B,Total population 15 years and over by common-law status - 100% Data,In a common-law relationship,,,,,,930
M5C,Total population 15 years and over by legal marital status - 100% Data,,,,,,,1760
M5C,Total population 15 years and over by legal marital status - 100% Data,Never legally married (single),,,,,,1040
M5C,Total population 15 years and over by legal marital status - 100% Data,Legally married (and not separated),,,,,,455
M5C,Total population 15 years and over by legal marital status - 100% Data,"Separated, but still legally married",,,,,,65
M5C,Total population 15 years and over by legal marital status - 100% Data,Divorced,,,,,,165
M5C,Total population 15 years and over by legal marital status - 100% Data,Widowed,,,,,,40
M5C,Total population 15 years and over by common-law status - 100% Data,,,,,,,1760
M5C,Total population 15 years and over by common-law status - 100% Data,Not in a common-law relationship,,,,,,1545
M5C,Total population 15 years and over by common-law status - 100% Data,In a common-law relationship,,,,,,220
M5E,Total population 15 years and over by legal marital status - 100% Data,,,,,,,3475
M5E,Total population 15 years and over by legal marital status - 100% Data,Never legally married (single),,,,,,1475
M5E,Total population 15 years and over by legal marital status - 100% Data,Legally married (and not separated),,,,,,1190
M5E,Total population 15 years and over by legal marital status - 100% Data,"Separated, but still legally married",,,,,,155
M5E,Total population 15 years and over by legal marital status - 100% Data,Divorced,,,,,,470
M5E,Total population 15 years and over by legal marital status - 100% Data,Widowed,,,,,,190
M5E,Total population 15 years and over by common-law status - 100% Data,,,,,,,3480
M5E,Total population 15 years and over by common-law status - 100% Data,Not in a common-law relationship,,,,,,3140
M5E,Total population 15 years and over by common-law status - 100% Data,In a common-law relationship,,,,,,335
M5G,Total population 15 years and over by legal marital status - 100% Data,,,,,,,3740
M5G,Total population 15 years and over by legal marital status - 100% Data,Never legally married (single),,,,,,2125
M5G,Total population 15 years and over by legal marital status - 100% Data,Legally married (and not separated),,,,,,1085
M5G,Total population 15 years and over by legal marital status - 100% Data,"Separated, but still legally married",,,,,,120
M5G,Total population 15 years and over by legal marital status - 100% Data,Divorced,,,,,,235
M5G,Total population 15 years and over by legal marital status - 100% Data,Widowed,,,,,,175
M5G,Total population 15 years and over by common-law status - 100% Data,,,,,,,3740
M5G,Total population 15 years and over by common-law status - 100% Data,Not in a common-law relationship,,,,,,3410
M5G,Total population 15 years and over by common-law status - 100% Data,In a common-law relationship,,,,,,330
M5H,Total population 15 years and over by legal marital status - 100% Data,,,,,,,255
M5H,Total population 15 years and over by legal marital status - 100% Data,Never legally married (single),,,,,,160
M5H,Total population 15 years and over by legal marital status - 100% Data,Legally married (and not separated),,,,,,80
M5H,Total population 15 years and over by legal marital status - 100% Data,"Separated, but still legally married",,,,,,5
M5H,Total population 15 years and over by legal marital status - 100% Data,Divorced,,,,,,10
M5H,Total population 15 years and over by legal marital status - 100% Data,Widowed,,,,,,5
M5H,Total population 15 years and over by common-law status - 100% Data,,,,,,,260
M5H,Total population 15 years and over by common-law status - 100% Data,Not in a common-law relationship,,,,,,225
M5H,Total population 15 years and over by common-law status - 100% Data,In a common-law relationship,,,,,,35
M5J,Total population 15 years and over by legal marital status - 100% Data,,,,,,,5125
M5J,Total population 15 years and over by legal marital status - 100% Data,Never legally married (single),,,,,,1960
M5J,Total population 15 years and over by legal marital status - 100% Data,Legally married (and not separated),,,,,,2240
M5J,Total population 15 years and over by legal marital status - 100% Data,"Separated, but still legally married",,,,,,155
M5J,Total population 15 years and over by legal marital status - 100% Data,Divorced,,,,,,575
M5J,Total population 15 years and over by legal marital status - 100% Data,Widowed,,,,,,205
M5J,Total population 15 years and over by common-law status - 100% Data,,,,,,,5125
M5J,Total population 15 years and over by common-law status - 100% Data,Not in a common-law relationship,,,,,,4630
M5J,Total population 15 years and over by common-law status - 100% Data,In a common-law relationship,,,,,,500
M5M,Total population 15 years and over by legal marital status - 100% Data,,,,,,,18960
M5M,Total population 15 years and over by legal marital status - 100% Data,Never legally married (single),,,,,,5575
M5M,Total population 15 years and over by legal marital status - 100% Data,Legally married (and not separated),,,,,,10470
M5M,Total population 15 years and over by legal marital status - 100% Data,"Separated, but still legally married",,,,,,455
M5M,Total population 15 years and over by legal marital status - 100% Data,Divorced,,,,,,1330
M5M,Total population 15 years and over by legal marital status - 100% Data,Widowed,,,,,,1130
M5M,Total population 15 years and over by common-law status - 100% Data,,,,,,,18960
M5M,Total population 15 years and over by common-law status - 100% Data,Not in a common-law relationship,,,,,,18045
M5M,Total population 15 years and over by common-law status - 100% Data,In a common-law relationship,,,,,,915
M5N,Total population 15 years and over by legal marital status - 100% Data,,,,,,,12935
M5N,Total population 15 years and over by legal marital status - 100% Data,Never legally married (single),,,,,,4750
M5N,Total population 15 years and over by legal marital status - 100% Data,Legally married (and not separated),,,,,,6265
M5N,Total population 15 years and over by legal marital status - 100% Data,"Separated, but still legally married",,,,,,275
M5N,Total population 15 years and over by legal marital status - 100% Data,Divorced,,,,,,800
M5N,Total population 15 years and over by legal marital status - 100% Data,Widowed,,,,,,840
M5N,Total population 15 years and over by common-law status - 100% Data,,,,,,,12935
M5N,Total population 15 years and over by common-law status - 100% Data,Not in a common-law relationship,,,,,,12245
M5N,Total population 15 years and over by common-law status - 100% Data,In a common-law relationship,,,,,,690
M5P,Total population 15 years and over by legal marital status - 100% Data,,,,,,,16060
M5P,Total population 15 years and over by legal marital status - 100% Data,Never legally married (single),,,,,,6310
M5P,Total population 15 years and over by legal marital status - 100% Data,Legally married (and not separated),,,,,,7125
M5P,Total population 15 years and over by legal marital status - 100% Data,"Separated, but still legally married",,,,,,400
M5P,Total population 15 years and over by legal marital status - 100% Data,Divorced,,,,,,1160
M5P,Total population 15 years and over by legal marital status - 100% Data,Widowed,,,,,,1065
M5P,Total population 15 years and over by common-law status - 100% Data,,,,,,,16060
M5P,Total population 15 years and over by common-law status - 100% Data,Not in a common-law relationship,,,,,,14910
M5P,Total population 15 years and over by common-law status - 100% Data,In a common-law relationship,,,,,,1150
M5R,Total population 15 years and over by legal marital status - 100% Data,,,,,,,21715
M5R,Total population 15 years and over by legal marital status - 100% Data,Never legally married (single),,,,,,11450
M5R,Total population 15 years and over by legal marital status - 100% Data,Legally married (and not separated),,,,,,6545
M5R,Total population 15 years and over by legal marital status - 100% Data,"Separated, but still legally married",,,,,,665
M5R,Total population 15 years and over by legal marital status - 100% Data,Divorced,,,,,,1845
M5R,Total population 15 years and over by legal marital status - 100% Data,Widowed,,,,,,1210
M5R,Total population 15 years and over by common-law status - 100% Data,,,,,,,21715
M5R,Total population 15 years and over by common-law status - 100% Data,Not in a common-law relationship,,,,,,19470
M5R,Total population 15 years and over by common-law status - 100% Data,In a common-law relationship,,,,,,2250
M5S,Total population 15 years and over by legal marital status - 100% Data,,,,,,,11190
M5S,Total population 15 years and over by legal marital status - 100% Data,Never legally married (single),,,,,,6285
M5S,Total population 15 years and over by legal marital status - 100% Data,Legally married (and not separated),,,,,,3410
M5S,Total population 15 years and over by legal marital status - 100% Data,"Separated, but still legally married",,,,,,275
M5S,Total population 15 years and over by legal marital status - 100% Data,Divorced,,,,,,770
M5S,Total population 15 years and over by legal marital status - 100% Data,Widowed,,,,,,445
M5S,Total population 15 years and over by common-law status - 100% Data,,,,,,,11195
M5S,Total population 15 years and over by common-law status - 100% Data,Not in a common-law relationship,,,,,,10255
M5S,Total population 15 years and over by common-law status - 100% Data,In a common-law relationship,,,,,,935
M5T,Total population 15 years and over by legal marital status - 100% Data,,,,,,,15095
M5T,Total population 15 years and over by legal marital status - 100% Data,Never legally married (single),,,,,,7210
M5T,Total population 15 years and over by legal marital status - 100% Data,Legally married (and not separated),,,,,,5250
M5T,Total population 15 years and over by legal marital status - 100% Data,"Separated, but still legally married",,,,,,545
M5T,Total population 15 years and over by legal marital status - 100% Data,Divorced,,,,,,1000
M5T,Total population 15 years and over by legal marital status - 100% Data,Widowed,,,,,,1085
M5T,Total population 15 years and over by common-law status - 100% Data,,,,,,,15095
M5T,Total population 15 years and over by common-law status - 100% Data,Not in a common-law relationship,,,,,,14280
M5T,Total population 15 years and over by common-law status - 100% Data,In a common-law relationship,,,,,,815
M5V,Total population 15 years and over by legal marital status - 100% Data,,,,,,,8225
M5V,Total population 15 years and over by legal marital status - 100% Data,Never legally married (single),,,,,,4815
M5V,Total population 15 years and over by legal marital status - 100% Data,Legally married (and not separated),,,,,,2150
M5V,Total population 15 years and over by legal marital status - 100% Data,"Separated, but still legally married",,,,,,320
M5V,Total population 15 years and over by legal marital status - 100% Data,Divorced,,,,,,760
M5V,Total population 15 years and over by legal marital status - 100% Data,Widowed,,,,,,180
M5V,Total population 15 years and over by common-law status - 100% Data,,,,,,,8220
M5V,Total population 15 years and over by common-law status - 100% Data,Not in a common-law relationship,,,,,,7070
M5V,Total population 15 years and over by common-law status - 100% Data,In a common-law relationship,,,,,,1155
M5W,Total population 15 years and over by legal marital status - 100% Data,,,,,,,50
M5W,Total population 15 years and over by legal marital status - 100% Data,Never legally married (single),,,,,,25
M5W,Total population 15 years and over by legal marital status - 100% Data,Legally married (and not separated),,,,,,15
M5W,Total population 15 years and over by legal marital status - 100% Data,"Separated, but still legally married",,,,,,5
M5W,Total population 15 years and over by legal marital status - 100% Data,Divorced,,,,,,5
M5W,Total population 15 years and over by legal marital status - 100% Data,Widowed,,,,,,0
M5W,Total population 15 years and over by common-law status - 100% Data,,,,,,,50
M5W,Total population 15 years and over by common-law status - 100% Data,Not in a common-law relationship,,,,,,40
M5W,Total population 15 years and over by common-law status - 100% Data,In a common-law relationship,,,,,,5
M6A,Total population 15 years and over by legal marital status - 100% Data,,,,,,,14350
M6A,Total population 15 years and over by legal marital status - 100% Data,Never legally married (single),,,,,,4885
M6A,Total population 15 years and over by legal marital status - 100% Data,Legally married (and not separated),,,,,,6085
M6A,Total population 15 years and over by legal marital status - 100% Data,"Separated, but still legally married",,,,,,645
M6A,Total population 15 years and over by legal marital status - 100% Data,Divorced,,,,,,1065
M6A,Total population 15 years and over by legal marital status - 100% Data,Widowed,,,,,,1660
M6A,Total population 15 years and over by common-law status - 100% Data,,,,,,,14350
M6A,Total population 15 years and over by common-law status - 100% Data,Not in a common-law relationship,,,,,,13815
M6A,Total population 15 years and over by common-law status - 100% Data,In a common-law relationship,,,,,,530
M6B,Total population 15 years and over by legal marital status - 100% Data,,,,,,,23230
M6B,Total population 15 years and over by legal marital status - 100% Data,Never legally married (single),,,,,,7555
M6B,Total population 15 years and over by legal marital status - 100% Data,Legally married (and not separated),,,,,,11600
M6B,Total population 15 years and over by legal marital status - 100% Data,"Separated, but still legally married",,,,,,695
M6B,Total population 15 years and over by legal marital status - 100% Data,Divorced,,,,,,1385
M6B,Total population 15 years and over by legal marital status - 100% Data,Widowed,,,,,,1995
M6B,Total population 15 years and over by common-law status - 100% Data,,,,,,,23230
M6B,Total population 15 years and over by common-law status - 100% Data,Not in a common-law relationship,,,,,,22405
M6B,Total population 15 years and over by common-law status - 100% Data,In a common-law relationship,,,,,,825
M6C,Total population 15 years and over by legal marital status - 100% Data,,,,,,,21340
M6C,Total population 15 years and over by legal marital status - 100% Data,Never legally married (single),,,,,,8420
M6C,Total population 15 years and over by legal marital status - 100% Data,Legally married (and not separated),,,,,,9390
M6C,Total population 15 years and over by legal marital status - 100% Data,"Separated, but still legally married",,,,,,755
M6C,Total population 15 years and over by legal marital status - 100% Data,Divorced,,,,,,1420
M6C,Total population 15 years and over by legal marital status - 100% Data,Widowed,,,,,,1360
M6C,Total population 15 years and over by common-law status - 100% Data,,,,,,,21345
M6C,Total population 15 years and over by common-law status - 100% Data,Not in a common-law relationship,,,,,,19940
M6C,Total population 15 years and over by common-law status - 100% Data,In a common-law relationship,,,,,,1400
M6E,Total population 15 years and over by legal marital status - 100% Data,,,,,,,34030
M6E,Total population 15 years and over by legal marital status - 100% Data,Never legally married (single),,,,,,12245
M6E,Total population 15 years and over by legal marital status - 100% Data,Legally married (and not separated),,,,,,16420
M6E,Total population 15 years and over by legal marital status - 100% Data,"Separated, but still legally married",,,,,,1290
M6E,Total population 15 years and over by legal marital status - 100% Data,Divorced,,,,,,1765
M6E,Total population 15 years and over by legal marital status - 100% Data,Widowed,,,,,,2310
M6E,Total population 15 years and over by common-law status - 100% Data,,,,,,,34030
M6E,Total population 15 years and over by common-law status - 100% Data,Not in a common-law relationship,,,,,,32580
M6E,Total population 15 years and over by common-law status - 100% Data,In a common-law relationship,,,,,,1450
M6G,Total population 15 years and over by legal marital status - 100% Data,,,,,,,28955
M6G,Total population 15 years and over by legal marital status - 100% Data,Never legally married (single),,,,,,13085
M6G,Total population 15 years and over by legal marital status - 100% Data,Legally married (and not separated),,,,,,11525
M6G,Total population 15 years and over by legal marital status - 100% Data,"Separated, but still legally married",,,,,,835
M6G,Total population 15 years and over by legal marital status - 100% Data,Divorced,,,,,,1725
M6G,Total population 15 years and over by legal marital status - 100% Data,Widowed,,,,,,1785
M6G,Total population 15 years and over by common-law status - 100% Data,,,,,,,28955
M6G,Total population 15 years and over by common-law status - 100% Data,Not in a common-law relationship,,,,,,26660
M6G,Total population 15 years and over by common-law status - 100% Data,In a common-law relationship,,,,,,2290
M6H,Total population 15 years and over by legal marital status - 100% Data,,,,,,,39700
M6H,Total population 15 years and over by legal marital status - 100% Data,Never legally married (single),,,,,,16480
M6H,Total population 15 years and over by legal marital status - 100% Data,Legally married (and not separated),,,,,,17780
M6H,Total population 15 years and over by legal marital status - 100% Data,"Separated, but still legally married",,,,,,1325
M6H,Total population 15 years and over by legal marital status - 100% Data,Divorced,,,,,,2200
M6H,Total population 15 years and over by legal marital status - 100% Data,Widowed,,,,,,1915
M6H,Total population 15 years and over by common-law status - 100% Data,,,,,,,39700
M6H,Total population 15 years and over by common-law status - 100% Data,Not in a common-law relationship,,,,,,37160
M6H,Total population 15 years and over by common-law status - 100% Data,In a common-law relationship,,,,,,2540
M6J,Total population 15 years and over by legal marital status - 100% Data,,,,,,,26365
M6J,Total population 15 years and over by legal marital status - 100% Data,Never legally married (single),,,,,,11295
M6J,Total population 15 years and over by legal marital status - 100% Data,Legally married (and not separated),,,,,,11305
M6J,Total population 15 years and over by legal marital status - 100% Data,"Separated, but still legally married",,,,,,825
M6J,Total population 15 years and over by legal marital status - 100% Data,Divorced,,,,,,1415
M6J,Total population 15 years and over by legal marital status - 100% Data,Widowed,,,,,,1525
M6J,Total population 15 years and over by common-law status - 100% Data,,,,,,,26365
M6J,Total population 15 years and over by common-law status - 100% Data,Not in a common-law relationship,,,,,,24330
M6J,Total population 15 years and over by common-law status - 100% Data,In a common-law relationship,,,,,,2040
M6K,Total population 15 years and over by legal marital status - 100% Data,,,,,,,28515
M6K,Total population 15 years and over by legal marital status - 100% Data,Never legally married (single),,,,,,13095
M6K,Total population 15 years and over by legal marital status - 100% Data,Legally married (and not separated),,,,,,10710
M6K,Total population 15 years and over by legal marital status - 100% Data,"Separated, but still legally married",,,,,,1190
M6K,Total population 15 years and over by legal marital status - 100% Data,Divorced,,,,,,1945
M6K,Total population 15 years and over by legal marital status - 100% Data,Widowed,,,,,,1580
M6K,Total population 15 years and over by common-law status - 100% Data,,,,,,,28515
M6K,Total population 15 years and over by common-law status - 100% Data,Not in a common-law relationship,,,,,,26645
M6K,Total population 15 years and over by common-law status - 100% Data,In a common-law relationship,,,,,,1875
M6L,Total population 15 years and over by legal marital status - 100% Data,,,,,,,16490
M6L,Total population 15 years and over by legal marital status - 100% Data,Never legally married (single),,,,,,4780
M6L,Total population 15 years and over by legal marital status - 100% Data,Legally married (and not separated),,,,,,8810
M6L,Total population 15 years and over by legal marital status - 100% Data,"Separated, but still legally married",,,,,,670
M6L,Total population 15 years and over by legal marital status - 100% Data,Divorced,,,,,,850
M6L,Total population 15 years and over by legal marital status - 100% Data,Widowed,,,,,,1385
M6L,Total population 15 years and over by common-law status - 100% Data,,,,,,,16490
M6L,Total population 15 years and over by common-law status - 100% Data,Not in a common-law relationship,,,,,,16025
M6L,Total population 15 years and over by common-law status - 100% Data,In a common-law relationship,,,,,,460
M6M,Total population 15 years and over by legal marital status - 100% Data,,,,,,,32540
M6M,Total population 15 years and over by legal marital status - 100% Data,Never legally married (single),,,,,,11650
M6M,Total population 15 years and over by legal marital status - 100% Data,Legally married (and not separated),,,,,,15165
M6M,Total population 15 years and over by legal marital status - 100% Data,"Separated, but still legally married",,,,,,1555
M6M,Total population 15 years and over by legal marital status - 100% Data,Divorced,,,,,,2150
M6M,Total population 15 years and over by legal marital status - 100% Data,Widowed,,,,,,2020
M6M,Total population 15 years and over by common-law status - 100% Data,,,,,,,32540
M6M,Total population 15 years and over by common-law status - 100% Data,Not in a common-law relationship,,,,,,30815
M6M,Total population 15 years and over by common-law status - 100% Data,In a common-law relationship,,,,,,1730
M6N,Total population 15 years and over by legal marital status - 100% Data,,,,,,,32250
M6N,Total population 15 years and over by legal marital status - 100% Data,Never legally married (single),,,,,,11440
M6N,Total population 15 years and over by legal marital status - 100% Data,Legally married (and not separated),,,,,,15140
M6N,Total population 15 years and over by legal marital status - 100% Data,"Separated, but still legally married",,,,,,1450
M6N,Total population 15 years and over by legal marital status - 100% Data,Divorced,,,,,,2070
M6N,Total population 15 years and over by legal marital status - 100% Data,Widowed,,,,,,2150
M6N,Total population 15 years and over by common-law status - 100% Data,,,,,,,32255
M6N,Total population 15 years and over by common-law status - 100% Data,Not in a common-law relationship,,,,,,30720
M6N,Total population 15 years and over by common-law status - 100% Data,In a common-law relationship,,,,,,1530
M6P,Total population 15 years and over by legal marital status - 100% Data,,,,,,,32035
M6P,Total population 15 years and over by legal marital status - 100% Data,Never legally married (single),,,,,,13440
M6P,Total population 15 years and over by legal marital status - 100% Data,Legally married (and not separated),,,,,,13230
M6P,Total population 15 years and over by legal marital status - 100% Data,"Separated, but still legally married",,,,,,1175
M6P,Total population 15 years and over by legal marital status - 100% Data,Divorced,,,,,,2535
M6P,Total population 15 years and over by legal marital status - 100% Data,Widowed,,,,,,1665
M6P,Total population 15 years and over by common-law status - 100% Data,,,,,,,32040
M6P,Total population 15 years and over by common-law status - 100% Data,Not in a common-law relationship,,,,,,29385
M6P,Total population 15 years and over by common-law status - 100% Data,In a common-law relationship,,,,,,2650
M6R,Total population 15 years and over by legal marital status - 100% Data,,,,,,,17195
M6R,Total population 15 years and over by legal marital status - 100% Data,Never legally married (single),,,,,,7810
M6R,Total population 15 years and over by legal marital status - 100% Data,Legally married (and not separated),,,,,,6480
M6R,Total population 15 years and over by legal marital status - 100% Data,"Separated, but still legally married",,,,,,555
M6R,Total population 15 years and over by legal marital status - 100% Data,Divorced,,,,,,1255
M6R,Total population 15 years and over by legal marital status - 100% Data,Widowed,,,,,,1095
M6R,Total population 15 years and over by common-law status - 100% Data,,,,,,,17195
M6R,Total population 15 years and over by common-law status - 100% Data,Not in a common-law relationship,,,,,,15460
M6R,Total population 15 years and over by common-law status - 100% Data,In a common-law relationship,,,,,,1730
M6S,Total population 15 years and over by legal marital status - 100% Data,,,,,,,24710
M6S,Total population 15 years and over by legal marital status - 100% Data,Never legally married (single),,,,,,8410
M6S,Total population 15 years and over by legal marital status - 100% Data,Legally married (and not separated),,,,,,11985
M6S,Total population 15 years and over by legal marital status - 100% Data,"Separated, but still legally married",,,,,,780
M6S,Total population 15 years and over by legal marital status - 100% Data,Divorced,,,,,,1810
M6S,Total population 15 years and over by legal marital status - 100% Data,Widowed,,,,,,1725
M6S,Total population 15 years and over by common-law status - 100% Data,,,,,,,24710
M6S,Total population 15 years and over by common-law status - 100% Data,Not in a common-law relationship,,,,,,22995
M6S,Total population 15 years and over by common-law status - 100% Data,In a common-law relationship,,,,,,1715
M8V,Total population 15 years and over by legal marital status - 100% Data,,,,,,,26445
M8V,Total population 15 years and over by legal marital status - 100% Data,Never legally married (single),,,,,,9245
M8V,Total population 15 years and over by legal marital status - 100% Data,Legally married (and not separated),,,,,,11170
M8V,Total population 15 years and over by legal marital status - 100% Data,"Separated, but still legally married",,,,,,1435
M8V,Total population 15 years and over by legal marital status - 100% Data,Divorced,,,,,,2880
M8V,Total population 15 years and over by legal marital status - 100% Data,Widowed,,,,,,1715
M8V,Total population 15 years and over by common-law status - 100% Data,,,,,,,26450
M8V,Total population 15 years and over by common-law status - 100% Data,Not in a common-law relationship,,,,,,24130
M8V,Total population 15 years and over by common-law status - 100% Data,In a common-law relationship,,,,,,2320
M8W,Total population 15 years and over by legal marital status - 100% Data,,,,,,,17460
M8W,Total population 15 years and over by legal marital status - 100% Data,Never legally married (single),,,,,,5505
M8W,Total population 15 years and over by legal marital status - 100% Data,Legally married (and not separated),,,,,,8515
M8W,Total population 15 years and over by legal marital status - 100% Data,"Separated, but still legally married",,,,,,715
M8W,Total population 15 years and over by legal marital status - 100% Data,Divorced,,,,,,1385
M8W,Total population 15 years and over by legal marital status - 100% Data,Widowed,,,,,,1340
M8W,Total population 15 years and over by common-law status - 100% Data,,,,,,,17460
M8W,Total population 15 years and over by common-law status - 100% Data,Not in a common-law relationship,,,,,,16235
M8W,Total population 15 years and over by common-law status - 100% Data,In a common-law relationship,,,,,,1220
M8X,Total population 15 years and over by legal marital status - 100% Data,,,,,,,7560
M8X,Total population 15 years and over by legal marital status - 100% Data,Never legally married (single),,,,,,2065
M8X,Total population 15 years and over by legal marital status - 100% Data,Legally married (and not separated),,,,,,4285
M8X,Total population 15 years and over by legal marital status - 100% Data,"Separated, but still legally married",,,,,,190
M8X,Total population 15 years and over by legal marital status - 100% Data,Divorced,,,,,,435
M8X,Total population 15 years and over by legal marital status - 100% Data,Widowed,,,,,,590
M8X,Total population 15 years and over by common-law status - 100% Data,,,,,,,7560
M8X,Total population 15 years and over by common-law status - 100% Data,Not in a common-law relationship,,,,,,7220
M8X,Total population 15 years and over by common-law status - 100% Data,In a common-law relationship,,,,,,345
M8Y,Total population 15 years and over by legal marital status - 100% Data,,,,,,,15445
M8Y,Total population 15 years and over by legal marital status - 100% Data,Never legally married (single),,,,,,4685
M8Y,Total population 15 years and over by legal marital status - 100% Data,Legally married (and not separated),,,,,,7755
M8Y,Total population 15 years and over by legal marital status - 100% Data,"Separated, but still legally married",,,,,,640
M8Y,Total population 15 years and over by legal marital status - 100% Data,Divorced,,,,,,1310
M8Y,Total population 15 years and over by legal marital status - 100% Data,Widowed,,,,,,1055
M8Y,Total population 15 years and over by common-law status - 100% Data,,,,,,,15440
M8Y,Total population 15 years and over by common-law status - 100% Data,Not in a common-law relationship,,,,,,14365
M8Y,Total population 15 years and over by common-law status - 100% Data,In a common-law relationship,,,,,,1075
M8Z,Total population 15 years and over by legal marital status - 100% Data,,,,,,,11445
M8Z,Total population 15 years and over by legal marital status - 100% Data,Never legally married (single),,,,,,3370
M8Z,Total population 15 years and over by legal marital status - 100% Data,Legally married (and not separated),,,,,,6060
M8Z,Total population 15 years and over by legal marital status - 100% Data,"Separated, but still legally married",,,,,,290
M8Z,Total population 15 years and over by legal marital status - 100% Data,Divorced,,,,,,645
M8Z,Total population 15 years and over by legal marital status - 100% Data,Widowed,,,,,,1080
M8Z,Total population 15 years and over by common-law status - 100% Data,,,,,,,11445
M8Z,Total population 15 years and over by common-law status - 100% Data,Not in a common-law relationship,,,,,,10985
M8Z,Total population 15 years and over by common-law status - 100% Data,In a common-law relationship,,,,,,460
M9A,Total population 15 years and over by legal marital status - 100% Data,,,,,,,25640
M9A,Total population 15 years and over by legal marital status - 100% Data,Never legally married (single),,,,,,7460
M9A,Total population 15 years and over by legal marital status - 100% Data,Legally married (and not separated),,,,,,13820
M9A,Total population 15 years and over by legal marital status - 100% Data,"Separated, but still legally married",,,,,,740
M9A,Total population 15 years and over by legal marital status - 100% Data,Divorced,,,,,,1680
M9A,Total population 15 years and over by legal marital status - 100% Data,Widowed,,,,,,1945
M9A,Total population 15 years and over by common-law status - 100% Data,,,,,,,25640
M9A,Total population 15 years and over by common-law status - 100% Data,Not in a common-law relationship,,,,,,24660
M9A,Total population 15 years and over by common-law status - 100% Data,In a common-law relationship,,,,,,985
M9B,Total population 15 years and over by legal marital status - 100% Data,,,,,,,22820
M9B,Total population 15 years and over by legal marital status - 100% Data,Never legally married (single),,,,,,6200
M9B,Total population 15 years and over by legal marital status - 100% Data,Legally married (and not separated),,,,,,12880
M9B,Total population 15 years and over by legal marital status - 100% Data,"Separated, but still legally married",,,,,,550
M9B,Total population 15 years and over by legal marital status - 100% Data,Divorced,,,,,,1190
M9B,Total population 15 years and over by legal marital status - 100% Data,Widowed,,,,,,2000
M9B,Total population 15 years and over by common-law status - 100% Data,,,,,,,22815
M9B,Total population 15 years and over by common-law status - 100% Data,Not in a common-law relationship,,,,,,22155
M9B,Total population 15 years and over by common-law status - 100% Data,In a common-law relationship,,,,,,665
M9C,Total population 15 years and over by legal marital status - 100% Data,,,,,,,29690
M9C,Total population 15 years and over by legal marital status - 100% Data,Never legally married (single),,,,,,8465
M9C,Total population 15 years and over by legal marital status - 100% Data,Legally married (and not separated),,,,,,15880
M9C,Total population 15 years and over by legal marital status - 100% Data,"Separated, but still legally married",,,,,,865
M9C,Total population 15 years and over by legal marital status - 100% Data,Divorced,,,,,,2045
M9C,Total population 15 years and over by legal marital status - 100% Data,Widowed,,,,,,2430
M9C,Total population 15 years and over by common-law status - 100% Data,,,,,,,29690
M9C,Total population 15 years and over by common-law status - 100% Data,Not in a common-law relationship,,,,,,28595
M9C,Total population 15 years and over by common-law status - 100% Data,In a common-law relationship,,,,,,1095
M9L,Total population 15 years and over by legal marital status - 100% Data,,,,,,,9725
M9L,Total population 15 years and over by legal marital status - 100% Data,Never legally married (single),,,,,,2805
M9L,Total population 15 years and over by legal marital status - 100% Data,Legally married (and not separated),,,,,,5725
M9L,Total population 15 years and over by legal marital status - 100% Data,"Separated, but still legally married",,,,,,290
M9L,Total population 15 years and over by legal marital status - 100% Data,Divorced,,,,,,375
M9L,Total population 15 years and over by legal marital status - 100% Data,Widowed,,,,,,530
M9L,Total population 15 years and over by common-law status - 100% Data,,,,,,,9725
M9L,Total population 15 years and over by common-law status - 100% Data,Not in a common-law relationship,,,,,,9525
M9L,Total population 15 years and over by common-law status - 100% Data,In a common-law relationship,,,,,,200
M9M,Total population 15 years and over by legal marital status - 100% Data,,,,,,,15225
M9M,Total population 15 years and over by legal marital status - 100% Data,Never legally married (single),,,,,,4595
M9M,Total population 15 years and over by legal marital status - 100% Data,Legally married (and not separated),,,,,,8430
M9M,Total population 15 years and over by legal marital status - 100% Data,"Separated, but still legally married",,,,,,570
M9M,Total population 15 years and over by legal marital status - 100% Data,Divorced,,,,,,745
M9M,Total population 15 years and over by legal marital status - 100% Data,Widowed,,,,,,895
M9M,Total population 15 years and over by common-law status - 100% Data,,,,,,,15230
M9M,Total population 15 years and over by common-law status - 100% Data,Not in a common-law relationship,,,,,,14765
M9M,Total population 15 years and over by common-law status - 100% Data,In a common-law relationship,,,,,,460
M9N,Total population 15 years and over by legal marital status - 100% Data,,,,,,,19535
M9N,Total population 15 years and over by legal marital status - 100% Data,Never legally married (single),,,,,,6995
M9N,Total population 15 years and over by legal marital status - 100% Data,Legally married (and not separated),,,,,,8650
M9N,Total population 15 years and over by legal marital status - 100% Data,"Separated, but still legally married",,,,,,1040
M9N,Total population 15 years and over by legal marital status - 100% Data,Divorced,,,,,,1605
M9N,Total population 15 years and over by legal marital status - 100% Data,Widowed,,,,,,1245
M9N,Total population 15 years and over by common-law status - 100% Data,,,,,,,19535
M9N,Total population 15 years and over by common-law status - 100% Data,Not in a common-law relationship,,,,,,18345
M9N,Total population 15 years and over by common-law status - 100% Data,In a common-law relationship,,,,,,1185
M9P,Total population 15 years and over by legal marital status - 100% Data,,,,,,,16710
M9P,Total population 15 years and over by legal marital status - 100% Data,Never legally married (single),,,,,,4600
M9P,Total population 15 years and over by legal marital status - 100% Data,Legally married (and not separated),,,,,,8805
M9P,Total population 15 years and over by legal marital status - 100% Data,"Separated, but still legally married",,,,,,585
M9P,Total population 15 years and over by legal marital status - 100% Data,Divorced,,,,,,1045
M9P,Total population 15 years and over by legal marital status - 100% Data,Widowed,,,,,,1670
M9P,Total population 15 years and over by common-law status - 100% Data,,,,,,,16705
M9P,Total population 15 years and over by common-law status - 100% Data,Not in a common-law relationship,,,,,,16115
M9P,Total population 15 years and over by common-law status - 100% Data,In a common-law relationship,,,,,,595
M9R,Total population 15 years and over by legal marital status - 100% Data,,,,,,,27270
M9R,Total population 15 years and over by legal marital status - 100% Data,Never legally married (single),,,,,,7815
M9R,Total population 15 years and over by legal marital status - 100% Data,Legally married (and not separated),,,,,,14680
M9R,Total population 15 years and over by legal marital status - 100% Data,"Separated, but still legally married",,,,,,1050
M9R,Total population 15 years and over by legal marital status - 100% Data,Divorced,,,,,,1600
M9R,Total population 15 years and over by legal marital status - 100% Data,Widowed,,,,,,2120
M9R,Total population 15 years and over by common-law status - 100% Data,,,,,,,27275
M9R,Total population 15 years and over by common-law status - 100% Data,Not in a common-law relationship,,,,,,26380
M9R,Total population 15 years and over by common-law status - 100% Data,In a common-law relationship,,,,,,895
M9V,Total population 15 years and over by legal marital status - 100% Data,,,,,,,44165
M9V,Total population 15 years and over by legal marital status - 100% Data,Never legally married (single),,,,,,14440
M9V,Total population 15 years and over by legal marital status - 100% Data,Legally married (and not separated),,,,,,23315
M9V,Total population 15 years and over by legal marital status - 100% Data,"Separated, but still legally married",,,,,,1760
M9V,Total population 15 years and over by legal marital status - 100% Data,Divorced,,,,,,2230
M9V,Total population 15 years and over by legal marital status - 100% Data,Widowed,,,,,,2425
M9V,Total population 15 years and over by common-law status - 100% Data,,,,,,,44165
M9V,Total population 15 years and over by common-law status - 100% Data,Not in a common-law relationship,,,,,,42775
M9V,Total population 15 years and over by common-law status - 100% Data,In a common-law relationship,,,,,,1390
M9W,Total population 15 years and over by legal marital status - 100% Data,,,,,,,31295
M9W,Total population 15 years and over by legal marital status - 100% Data,Never legally married (single),,,,,,9975
M9W,Total population 15 years and over by legal marital status - 100% Data,Legally married (and not separated),,,,,,16575
M9W,Total population 15 years and over by legal marital status - 100% Data,"Separated, but still legally married",,,,,,1105
M9W,Total population 15 years and over by legal marital status - 100% Data,Divorced,,,,,,1725
M9W,Total population 15 years and over by legal marital status - 100% Data,Widowed,,,,,,1915
M9W,Total population 15 years and over by common-law status - 100% Data,,,,,,,31290
M9W,Total population 15 years and over by common-law status - 100% Data,Not in a common-law relationship,,,,,,30155
M9W,Total population 15 years and over by common-law status - 100% Data,In a common-law relationship,,,,,,1145
